time_open_sec,time_close_sec,open,high,low,close,rsi14,dow
1704157200,1704160800,2064.17000000,2075.45000000,2063.12000000,2063.65000000,43.114870,2
1704160800,1704164400,2063.68000000,2065.85000000,2062.26000000,2065.49000000,46.836765,2
1704164400,1704168000,2065.38000000,2069.88000000,2064.90000000,2066.50000000,48.816396,2
1704168000,1704171600,2066.51000000,2068.38000000,2063.94000000,2067.85000000,51.420300,2
1704171600,1704175200,2067.82000000,2070.37000000,2066.48000000,2069.66000000,54.744555,2
1704175200,1704178800,2069.67000000,2070.69000000,2068.93000000,2069.66000000,54.744555,2
1704178800,1704182400,2069.71000000,2074.82000000,2069.52000000,2074.46000000,62.613049,2
1704182400,1704186000,2074.54000000,2076.73000000,2072.95000000,2074.18000000,61.936547,2
1704186000,1704189600,2074.10000000,2076.40000000,2073.15000000,2073.16000000,59.418004,2
1704189600,1704193200,2073.20000000,2074.50000000,2071.79000000,2073.30000000,59.660467,2
1704193200,1704196800,2073.31000000,2078.88000000,2073.25000000,2077.02000000,65.550235,2
1704196800,1704200400,2077.04000000,2077.75000000,2073.46000000,2075.97000000,62.764668,2
1704200400,1704204000,2075.93000000,2076.16000000,2068.26000000,2069.21000000,48.480664,2
1704204000,1704207600,2069.18000000,2069.47000000,2065.04000000,2067.88000000,46.250481,2
1704207600,1704211200,2067.84000000,2071.11000000,2064.81000000,2066.31000000,43.695201,2
1704211200,1704214800,2066.35000000,2070.42000000,2062.17000000,2070.42000000,51.283209,2
1704214800,1704218400,2070.36000000,2070.72000000,2055.85000000,2059.29000000,36.814273,2
1704218400,1704222000,2059.38000000,2067.60000000,2059.10000000,2066.07000000,46.682716,2
1704222000,1704225600,2066.13000000,2066.92000000,2061.80000000,2062.65000000,43.031812,2
1704225600,1704229200,2062.66000000,2064.92000000,2060.57000000,2061.15000000,41.498854,2
1704229200,1704232800,2061.14000000,2062.15000000,2060.43000000,2060.94000000,41.277156,2
1704232800,1704236400,2060.97000000,2061.58000000,2057.91000000,2058.23000000,38.424375,2
1704236400,1704240000,2058.31000000,2059.20000000,2057.98000000,2058.84000000,39.438980,2
1704243600,1704247200,2059.15000000,2060.03000000,2058.62000000,2059.57000000,40.698291,3
1704247200,1704250800,2059.60000000,2062.14000000,2059.23000000,2060.19000000,41.805115,3
1704250800,1704254400,2060.21000000,2062.54000000,2059.48000000,2062.40000000,45.695831,3
1704254400,1704258000,2062.46000000,2065.13000000,2061.61000000,2064.71000000,49.496586,3
1704258000,1704261600,2064.70000000,2065.57000000,2063.26000000,2065.10000000,50.131190,3
1704261600,1704265200,2065.05000000,2065.55000000,2064.40000000,2064.79000000,49.597701,3
1704265200,1704268800,2064.76000000,2065.94000000,2063.46000000,2064.03000000,48.242256,3
1704268800,1704272400,2064.04000000,2065.32000000,2063.42000000,2064.28000000,48.738531,3
1704272400,1704276000,2064.26000000,2064.30000000,2060.86000000,2062.96000000,46.218634,3
1704276000,1704279600,2062.90000000,2064.34000000,2058.80000000,2060.11000000,41.258644,3
1704279600,1704283200,2060.09000000,2060.55000000,2054.34000000,2056.82000000,36.402114,3
1704283200,1704286800,2056.84000000,2057.14000000,2052.65000000,2054.85000000,33.833971,3
1704286800,1704290400,2054.83000000,2055.61000000,2046.71000000,2047.56000000,26.409058,3
1704290400,1704294000,2047.59000000,2048.34000000,2041.78000000,2045.72000000,24.922425,3
1704294000,1704297600,2045.66000000,2047.98000000,2038.71000000,2040.99000000,21.562176,3
1704297600,1704301200,2041.07000000,2042.29000000,2031.73000000,2037.78000000,19.628042,3
1704301200,1704304800,2037.13000000,2048.79000000,2031.79000000,2032.56000000,16.963303,3
1704304800,1704308400,2032.62000000,2036.00000000,2031.33000000,2032.39000000,16.882916,3
1704308400,1704312000,2032.44000000,2033.75000000,2030.58000000,2033.33000000,19.164025,3
1704312000,1704315600,2033.34000000,2036.28000000,2032.89000000,2035.78000000,24.945708,3
1704315600,1704319200,2035.75000000,2042.31000000,2030.59000000,2036.63000000,26.899189,3
1704319200,1704322800,2036.57000000,2042.31000000,2036.47000000,2041.10000000,36.290217,3
1704322800,1704326400,2041.25000000,2041.79000000,2040.31000000,2041.35000000,36.779395,3
1704330000,1704333600,2041.49000000,2043.87000000,2041.45000000,2042.96000000,39.975770,4
1704333600,1704337200,2042.93000000,2043.16000000,2041.56000000,2042.12000000,38.871517,4
1704337200,1704340800,2042.13000000,2043.29000000,2040.09000000,2042.19000000,39.022679,4
1704340800,1704344400,2042.20000000,2044.73000000,2042.20000000,2044.62000000,44.182812,4
1704344400,1704348000,2044.71000000,2046.94000000,2044.15000000,2044.66000000,44.266420,4
1704348000,1704351600,2044.65000000,2044.66000000,2042.39000000,2042.98000000,41.457636,4
1704351600,1704355200,2043.03000000,2044.29000000,2042.36000000,2043.79000000,43.324862,4
1704355200,1704358800,2043.78000000,2048.59000000,2043.62000000,2047.22000000,50.521608,4
1704358800,1704362400,2047.23000000,2049.53000000,2046.50000000,2047.73000000,51.507610,4
1704362400,1704366000,2047.72000000,2048.62000000,2045.34000000,2046.75000000,49.467639,4
1704366000,1704369600,2046.71000000,2050.93000000,2046.28000000,2047.95000000,51.975785,4
1704369600,1704373200,2047.96000000,2050.82000000,2046.61000000,2047.93000000,51.929522,4
1704373200,1704376800,2047.92000000,2048.39000000,2044.87000000,2045.12000000,45.765938,4
1704376800,1704380400,2045.10000000,2046.17000000,2043.30000000,2046.01000000,47.876140,4
1704380400,1704384000,2046.05000000,2047.22000000,2038.81000000,2040.22000000,37.620744,4
1704384000,1704387600,2040.25000000,2042.51000000,2036.21000000,2039.31000000,36.304486,4
1704387600,1704391200,2039.35000000,2047.67000000,2039.07000000,2045.19000000,48.775738,4
1704391200,1704394800,2045.20000000,2046.75000000,2044.08000000,2044.73000000,47.984213,4
1704394800,1704398400,2044.74000000,2045.00000000,2040.81000000,2043.23000000,45.397146,4
1704398400,1704402000,2043.16000000,2043.99000000,2041.50000000,2043.12000000,45.204669,4
1704402000,1704405600,2043.09000000,2044.83000000,2042.43000000,2044.30000000,47.763256,4
1704405600,1704409200,2044.33000000,2044.79000000,2043.00000000,2043.12000000,45.476457,4
1704409200,1704412800,2043.32000000,2044.28000000,2043.07000000,2043.40000000,46.135476,4
1704416400,1704420000,2043.84000000,2044.72000000,2042.70000000,2044.23000000,48.136623,5
1704420000,1704423600,2044.25000000,2044.71000000,2043.23000000,2044.30000000,48.311036,5
1704423600,1704427200,2044.31000000,2048.26000000,2044.03000000,2046.12000000,52.759315,5
1704427200,1704430800,2046.13000000,2047.82000000,2045.65000000,2046.14000000,52.807378,5
1704430800,1704434400,2046.12000000,2046.42000000,2044.78000000,2045.32000000,50.537124,5
1704434400,1704438000,2045.30000000,2046.39000000,2044.49000000,2044.60000000,48.562937,5
1704438000,1704441600,2044.57000000,2045.21000000,2043.11000000,2044.46000000,48.168912,5
1704441600,1704445200,2044.47000000,2045.10000000,2040.82000000,2042.47000000,42.847194,5
1704445200,1704448800,2042.44000000,2046.99000000,2042.05000000,2043.13000000,45.016846,5
1704448800,1704452400,2043.21000000,2044.40000000,2041.38000000,2042.41000000,43.094855,5
1704452400,1704456000,2042.37000000,2043.73000000,2038.41000000,2038.89000000,35.185593,5
1704456000,1704459600,2038.86000000,2040.26000000,2037.36000000,2040.00000000,38.988266,5
1704459600,1704463200,2039.97000000,2040.31000000,2037.07000000,2039.16000000,37.209134,5
1704463200,1704466800,2039.18000000,2040.97000000,2038.40000000,2040.20000000,40.810424,5
1704466800,1704470400,2040.12000000,2041.87000000,2024.41000000,2039.94000000,40.189837,5
1704470400,1704474000,2039.95000000,2049.20000000,2038.73000000,2046.73000000,58.106557,5
1704474000,1704477600,2047.30000000,2063.96000000,2047.10000000,2054.84000000,69.758970,5
1704477600,1704481200,2054.86000000,2056.22000000,2044.11000000,2045.04000000,51.219571,5
1704481200,1704484800,2045.03000000,2045.40000000,2040.44000000,2041.97000000,47.005149,5
1704484800,1704488400,2041.95000000,2048.48000000,2040.48000000,2048.15000000,55.027221,5
1704488400,1704492000,2048.18000000,2050.33000000,2044.89000000,2045.70000000,51.686846,5
1704492000,1704495600,2045.72000000,2045.74000000,2042.83000000,2043.61000000,48.956648,5
1704495600,1704499200,2043.71000000,2046.13000000,2043.71000000,2045.54000000,51.504150,5
1704675600,1704679200,2045.17000000,2045.66000000,2042.96000000,2044.23000000,49.691330,1
1704679200,1704682800,2044.26000000,2046.26000000,2043.71000000,2046.01000000,52.155538,1
1704682800,1704686400,2045.89000000,2046.57000000,2042.80000000,2043.76000000,48.895303,1
1704686400,1704690000,2043.77000000,2043.78000000,2041.17000000,2041.27000000,45.505214,1
1704690000,1704693600,2041.26000000,2041.47000000,2035.07000000,2036.13000000,39.428089,1
1704693600,1704697200,2036.11000000,2037.60000000,2035.61000000,2035.76000000,39.024078,1
1704697200,1704700800,2035.72000000,2036.09000000,2027.00000000,2030.74000000,33.942305,1
1704700800,1704704400,2030.67000000,2033.26000000,2030.34000000,2032.90000000,37.701500,1
1704704400,1704708000,2032.92000000,2033.15000000,2028.64000000,2031.36000000,36.123131,1
1704708000,1704711600,2031.25000000,2031.72000000,2027.28000000,2028.28000000,33.135304,1
1704711600,1704715200,2028.22000000,2031.71000000,2026.49000000,2029.07000000,34.628846,1
1704715200,1704718800,2029.06000000,2029.47000000,2026.94000000,2027.55000000,33.097016,1
1704718800,1704722400,2027.54000000,2027.86000000,2016.73000000,2020.06000000,26.804749,1
1704722400,1704726000,2020.07000000,2024.85000000,2018.88000000,2024.58000000,34.853866,1
1704726000,1704729600,2024.56000000,2025.46000000,2018.36000000,2018.97000000,30.387364,1
1704729600,1704733200,2018.89000000,2027.19000000,2018.47000000,2026.44000000,41.193792,1
1704733200,1704736800,2026.39000000,2034.79000000,2025.53000000,2034.17000000,49.866686,1
1704736800,1704740400,2034.21000000,2036.84000000,2031.39000000,2032.17000000,47.898361,1
1704740400,1704744000,2032.16000000,2033.03000000,2027.03000000,2027.61000000,43.666298,1
1704744000,1704747600,2027.54000000,2028.25000000,2026.34000000,2026.54000000,42.712643,1
1704747600,1704751200,2026.53000000,2029.57000000,2026.50000000,2029.34000000,46.034063,1
1704751200,1704754800,2029.35000000,2029.80000000,2026.09000000,2027.16000000,43.899974,1
1704754800,1704758400,2027.06000000,2028.71000000,2027.06000000,2027.97000000,44.921683,1
1704762000,1704765600,2028.22000000,2030.84000000,2027.91000000,2030.65000000,48.278078,2
1704765600,1704769200,2030.61000000,2034.91000000,2030.61000000,2034.36000000,52.585590,2
1704769200,1704772800,2034.34000000,2035.63000000,2031.16000000,2032.18000000,49.953015,2
1704772800,1704776400,2032.14000000,2035.87000000,2032.09000000,2034.13000000,52.255517,2
1704776400,1704780000,2034.14000000,2034.91000000,2033.00000000,2033.57000000,51.522428,2
1704780000,1704783600,2033.59000000,2034.92000000,2032.24000000,2032.85000000,50.540692,2
1704783600,1704787200,2032.88000000,2033.47000000,2030.29000000,2032.75000000,50.397059,2
1704787200,1704790800,2032.76000000,2035.09000000,2031.16000000,2033.12000000,50.952474,2
1704790800,1704794400,2033.14000000,2037.19000000,2032.17000000,2036.10000000,55.294304,2
1704794400,1704798000,2036.20000000,2038.20000000,2031.31000000,2034.24000000,52.188920,2
1704798000,1704801600,2034.20000000,2036.99000000,2033.13000000,2035.41000000,53.941206,2
1704801600,1704805200,2035.45000000,2038.50000000,2034.78000000,2035.42000000,53.956739,2
1704805200,1704808800,2035.49000000,2035.70000000,2033.67000000,2035.00000000,53.146087,2
1704808800,1704812400,2035.01000000,2036.37000000,2033.92000000,2036.37000000,55.494930,2
1704812400,1704816000,2036.40000000,2041.97000000,2031.62000000,2038.62000000,59.119611,2
1704816000,1704819600,2038.65000000,2040.10000000,2033.89000000,2034.64000000,51.179263,2
1704819600,1704823200,2034.81000000,2035.62000000,2028.73000000,2028.81000000,42.231497,2
1704823200,1704826800,2028.78000000,2031.57000000,2026.02000000,2031.19000000,46.354794,2
1704826800,1704830400,2031.18000000,2032.00000000,2027.04000000,2027.59000000,41.526547,2
1704830400,1704834000,2027.61000000,2029.67000000,2026.78000000,2029.20000000,44.319759,2
1704834000,1704837600,2029.12000000,2030.05000000,2027.77000000,2028.94000000,43.954601,2
1704837600,1704841200,2028.92000000,2031.11000000,2028.25000000,2028.50000000,43.304351,2
1704841200,1704844800,2028.68000000,2030.28000000,2028.48000000,2030.26000000,46.700917,2
1704848400,1704852000,2030.31000000,2031.22000000,2028.32000000,2030.81000000,47.754274,3
1704852000,1704855600,2030.82000000,2031.20000000,2029.60000000,2030.22000000,46.688321,3
1704855600,1704859200,2030.19000000,2032.49000000,2027.23000000,2031.79000000,49.893500,3
1704859200,1704862800,2031.74000000,2032.84000000,2030.30000000,2031.84000000,49.996607,3
1704862800,1704866400,2031.80000000,2031.97000000,2028.09000000,2028.84000000,44.129125,3
1704866400,1704870000,2028.82000000,2030.59000000,2028.39000000,2029.76000000,46.213777,3
1704870000,1704873600,2029.84000000,2030.18000000,2025.43000000,2026.63000000,40.655856,3
1704873600,1704877200,2026.60000000,2026.98000000,2023.82000000,2024.56000000,37.448236,3
1704877200,1704880800,2024.58000000,2031.62000000,2024.29000000,2030.95000000,50.445646,3
1704880800,1704884400,2030.94000000,2035.95000000,2030.23000000,2035.27000000,56.957210,3
1704884400,1704888000,2035.23000000,2036.15000000,2034.62000000,2035.68000000,57.527630,3
1704888000,1704891600,2035.70000000,2040.27000000,2034.54000000,2034.81000000,55.836668,3
1704891600,1704895200,2034.82000000,2035.27000000,2032.75000000,2034.02000000,54.276533,3
1704895200,1704898800,2034.03000000,2035.61000000,2031.27000000,2031.47000000,49.471510,3
1704898800,1704902400,2031.48000000,2034.02000000,2030.01000000,2030.29000000,47.381176,3
1704902400,1704906000,2030.28000000,2033.56000000,2026.41000000,2027.36000000,42.571162,3
1704906000,1704909600,2027.27000000,2029.73000000,2024.75000000,2027.84000000,43.581622,3
1704909600,1704913200,2027.93000000,2028.47000000,2024.69000000,2027.04000000,42.247416,3
1704913200,1704916800,2027.05000000,2027.75000000,2022.23000000,2024.00000000,37.543856,3
1704916800,1704920400,2023.98000000,2024.48000000,2021.31000000,2023.66000000,37.047068,3
1704920400,1704924000,2023.65000000,2024.48000000,2020.43000000,2024.00000000,37.931547,3
1704924000,1704927600,2023.97000000,2025.00000000,2021.83000000,2023.54000000,37.170634,3
1704927600,1704931200,2023.49000000,2024.50000000,2023.32000000,2024.37000000,39.527825,3
1704934800,1704938400,2024.60000000,2027.90000000,2023.75000000,2026.75000000,45.806433,4
1704938400,1704942000,2026.79000000,2028.47000000,2026.54000000,2027.91000000,48.607193,4
1704942000,1704945600,2027.86000000,2030.33000000,2027.06000000,2029.71000000,52.692782,4
1704945600,1704949200,2029.70000000,2031.95000000,2028.84000000,2029.66000000,52.567769,4
1704949200,1704952800,2029.67000000,2031.03000000,2028.75000000,2030.88000000,55.351241,4
1704952800,1704956400,2030.86000000,2032.22000000,2030.86000000,2032.02000000,57.840871,4
1704956400,1704960000,2032.05000000,2034.59000000,2031.10000000,2032.96000000,59.829877,4
1704960000,1704963600,2032.94000000,2035.08000000,2032.13000000,2033.99000000,61.948299,4
1704963600,1704967200,2033.94000000,2035.65000000,2033.60000000,2033.84000000,61.440140,4
1704967200,1704970800,2033.83000000,2034.02000000,2030.41000000,2030.85000000,52.241003,4
1704970800,1704974400,2030.89000000,2032.42000000,2030.14000000,2031.28000000,53.323374,4
1704974400,1704978000,2031.27000000,2032.69000000,2030.48000000,2032.04000000,55.253604,4
1704978000,1704981600,2032.01000000,2034.36000000,2031.33000000,2034.29000000,60.465962,4
1704981600,1704985200,2034.30000000,2035.06000000,2031.59000000,2032.38000000,54.646606,4
1704985200,1704988800,2032.44000000,2046.31000000,2025.06000000,2029.40000000,47.039880,4
1704988800,1704992400,2029.45000000,2034.88000000,2024.85000000,2029.71000000,47.853072,4
1704992400,1704996000,2029.69000000,2033.02000000,2025.14000000,2028.99000000,46.083197,4
1704996000,1704999600,2029.00000000,2029.63000000,2013.62000000,2016.65000000,27.387224,4
1704999600,1705003200,2016.66000000,2018.43000000,2013.28000000,2014.34000000,25.316639,4
1705003200,1705006800,2014.31000000,2017.02000000,2013.80000000,2017.00000000,31.718448,4
1705006800,1705010400,2017.04000000,2027.41000000,2017.04000000,2026.46000000,48.594846,4
1705010400,1705014000,2026.49000000,2028.56000000,2023.47000000,2027.52000000,50.083587,4
1705014000,1705017600,2027.50000000,2029.59000000,2027.39000000,2028.63000000,51.662289,4
1705021200,1705024800,2028.81000000,2035.56000000,2028.69000000,2035.27000000,59.843892,5
1705024800,1705028400,2035.18000000,2035.41000000,2030.27000000,2031.09000000,53.683784,5
1705028400,1705032000,2031.06000000,2034.72000000,2030.04000000,2033.86000000,56.853377,5
1705032000,1705035600,2033.85000000,2035.24000000,2033.22000000,2034.01000000,57.024885,5
1705035600,1705039200,2034.02000000,2035.62000000,2033.68000000,2033.91000000,56.862608,5
1705039200,1705042800,2033.89000000,2035.01000000,2032.82000000,2034.71000000,57.894898,5
1705042800,1705046400,2034.72000000,2037.13000000,2033.70000000,2035.97000000,59.537259,5
1705046400,1705050000,2035.94000000,2036.77000000,2034.86000000,2035.20000000,58.047145,5
1705050000,1705053600,2035.24000000,2039.31000000,2034.14000000,2037.50000000,61.173117,5
1705053600,1705057200,2037.52000000,2039.78000000,2037.00000000,2038.68000000,62.708349,5
1705057200,1705060800,2038.64000000,2040.07000000,2037.82000000,2038.09000000,61.401059,5
1705060800,1705064400,2038.11000000,2046.09000000,2038.01000000,2045.83000000,70.182902,5
1705064400,1705068000,2045.84000000,2047.37000000,2044.11000000,2045.39000000,69.218783,5
1705068000,1705071600,2045.41000000,2053.76000000,2045.41000000,2047.82000000,71.543743,5
1705071600,1705075200,2047.84000000,2056.60000000,2044.36000000,2056.12000000,77.730874,5
1705075200,1705078800,2056.13000000,2062.23000000,2053.31000000,2055.91000000,77.273084,5
1705078800,1705082400,2055.88000000,2060.04000000,2050.88000000,2053.62000000,72.274381,5
1705082400,1705086000,2053.68000000,2055.51000000,2048.24000000,2048.29000000,62.190463,5
1705086000,1705089600,2048.21000000,2048.55000000,2041.46000000,2043.87000000,55.299980,5
1705089600,1705093200,2043.89000000,2048.63000000,2042.97000000,2047.43000000,59.219154,5
1705093200,1705096800,2047.42000000,2049.10000000,2046.17000000,2047.27000000,58.968909,5
1705096800,1705100400,2047.30000000,2047.64000000,2046.04000000,2047.47000000,59.200994,5
1705100400,1705104000,2047.42000000,2049.13000000,2046.83000000,2049.04000000,61.062875,5
1705280400,1705284000,2048.65000000,2048.76000000,2046.30000000,2047.57000000,58.376641,1
1705284000,1705287600,2047.70000000,2048.44000000,2045.78000000,2047.92000000,58.840908,1
1705287600,1705291200,2047.87000000,2051.40000000,2047.41000000,2050.99000000,62.764164,1
1705291200,1705294800,2051.07000000,2056.36000000,2049.84000000,2056.33000000,68.405477,1
1705294800,1705298400,2056.32000000,2058.05000000,2055.47000000,2057.40000000,69.405678,1
1705298400,1705302000,2057.40000000,2057.60000000,2053.55000000,2054.29000000,63.148222,1
1705302000,1705305600,2054.28000000,2055.57000000,2053.00000000,2055.05000000,64.002335,1
1705305600,1705309200,2055.06000000,2056.96000000,2053.84000000,2055.37000000,64.376714,1
1705309200,1705312800,2055.39000000,2055.89000000,2052.87000000,2054.29000000,62.031887,1
1705312800,1705316400,2054.32000000,2058.59000000,2053.80000000,2056.55000000,64.912003,1
1705316400,1705320000,2056.56000000,2056.97000000,2052.94000000,2054.99000000,61.447084,1
1705320000,1705323600,2055.00000000,2055.12000000,2052.10000000,2053.04000000,57.327746,1
1705323600,1705327200,2053.06000000,2053.76000000,2051.51000000,2053.28000000,57.703575,1
1705327200,1705330800,2053.25000000,2053.67000000,2051.32000000,2052.68000000,56.366995,1
1705330800,1705334400,2052.67000000,2054.23000000,2052.05000000,2054.21000000,58.976454,1
1705334400,1705338000,2054.22000000,2054.36000000,2051.61000000,2052.10000000,54.165473,1
1705338000,1705341600,2052.11000000,2053.82000000,2049.22000000,2053.25000000,56.259760,1
1705341600,1705345200,2053.24000000,2054.98000000,2053.20000000,2054.05000000,57.707478,1
1705345200,1705348800,2054.03000000,2056.36000000,2053.59000000,2055.41000000,60.123775,1
1705348800,1705352400,2055.44000000,2055.45000000,2054.29000000,2054.39000000,57.471694,1
1705352400,1705356000,2054.37000000,2054.88000000,2053.58000000,2054.72000000,58.115409,1
1705366800,1705370400,2055.78000000,2055.78000000,2053.33000000,2054.09000000,56.361492,2
1705370400,1705374000,2054.07000000,2054.49000000,2050.71000000,2051.34000000,49.358885,2
1705374000,1705377600,2051.35000000,2053.31000000,2049.91000000,2050.73000000,47.936155,2
1705377600,1705381200,2050.81000000,2051.47000000,2049.71000000,2050.51000000,47.405439,2
1705381200,1705384800,2050.49000000,2051.58000000,2048.29000000,2049.42000000,44.761263,2
1705384800,1705388400,2049.36000000,2049.98000000,2048.94000000,2049.36000000,44.613746,2
1705388400,1705392000,2049.32000000,2049.41000000,2047.46000000,2048.56000000,42.597935,2
1705392000,1705395600,2048.53000000,2050.57000000,2047.36000000,2050.47000000,48.572480,2
1705395600,1705399200,2050.43000000,2050.91000000,2048.06000000,2049.36000000,45.601943,2
1705399200,1705402800,2049.37000000,2050.12000000,2042.12000000,2043.10000000,33.251304,2
1705402800,1705406400,2043.09000000,2043.90000000,2038.68000000,2041.17000000,30.507922,2
1705406400,1705410000,2041.18000000,2042.42000000,2039.24000000,2041.01000000,30.284847,2
1705410000,1705413600,2041.02000000,2041.12000000,2038.26000000,2039.78000000,28.556193,2
1705413600,1705417200,2039.79000000,2039.99000000,2035.60000000,2038.44000000,26.763872,2
1705417200,1705420800,2038.42000000,2045.09000000,2031.35000000,2037.54000000,25.601607,2
1705420800,1705424400,2037.60000000,2042.63000000,2036.88000000,2038.16000000,27.923715,2
1705424400,1705428000,2038.19000000,2041.99000000,2037.32000000,2041.16000000,38.006477,2
1705428000,1705431600,2041.15000000,2041.26000000,2032.46000000,2033.45000000,27.398515,2
1705431600,1705435200,2033.50000000,2033.79000000,2024.93000000,2025.31000000,20.798314,2
1705435200,1705438800,2025.29000000,2028.88000000,2024.19000000,2025.07000000,20.640437,2
1705438800,1705442400,2025.15000000,2030.14000000,2024.93000000,2029.28000000,30.593326,2
1705442400,1705446000,2029.30000000,2029.81000000,2027.82000000,2028.29000000,29.651576,2
1705446000,1705449600,2028.34000000,2028.51000000,2027.13000000,2028.26000000,29.621819,2
1705453200,1705456800,2028.15000000,2028.39000000,2025.90000000,2028.13000000,29.483738,3
1705456800,1705460400,2028.14000000,2028.84000000,2025.61000000,2028.48000000,30.424088,3
1705460400,1705464000,2028.47000000,2030.75000000,2026.69000000,2030.21000000,35.035550,3
1705464000,1705467600,2030.19000000,2032.91000000,2027.02000000,2028.92000000,33.265049,3
1705467600,1705471200,2028.93000000,2029.14000000,2023.43000000,2023.98000000,27.528052,3
1705471200,1705474800,2023.99000000,2025.77000000,2023.35000000,2025.41000000,31.225626,3
1705474800,1705478400,2025.39000000,2025.43000000,2019.31000000,2020.66000000,26.406202,3
1705478400,1705482000,2020.67000000,2020.77000000,2017.58000000,2019.18000000,25.105990,3
1705482000,1705485600,2019.37000000,2026.12000000,2017.81000000,2025.64000000,39.182427,3
1705485600,1705489200,2025.66000000,2026.58000000,2021.27000000,2021.42000000,34.606604,3
1705489200,1705492800,2021.40000000,2024.23000000,2019.01000000,2023.60000000,38.595967,3
1705492800,1705496400,2023.61000000,2028.33000000,2022.73000000,2026.09000000,42.882134,3
1705496400,1705500000,2026.11000000,2026.70000000,2023.70000000,2023.92000000,40.245587,3
1705500000,1705503600,2023.94000000,2029.04000000,2023.70000000,2028.43000000,47.473884,3
1705503600,1705507200,2028.45000000,2028.66000000,2018.93000000,2022.41000000,40.441565,3
1705507200,1705510800,2022.39000000,2023.09000000,2011.50000000,2012.08000000,31.750344,3
1705510800,1705514400,2012.03000000,2014.02000000,2006.06000000,2008.87000000,29.620103,3
1705514400,1705518000,2008.76000000,2011.94000000,2004.25000000,2005.46000000,27.508640,3
1705518000,1705521600,2005.48000000,2008.03000000,2003.38000000,2007.03000000,29.983371,3
1705521600,1705525200,2007.07000000,2007.21000000,2001.77000000,2004.73000000,28.451039,3
1705525200,1705528800,2004.72000000,2006.88000000,2004.32000000,2005.53000000,29.795002,3
1705528800,1705532400,2005.54000000,2006.85000000,2004.72000000,2006.11000000,30.809735,3
1705532400,1705536000,2006.14000000,2006.43000000,2005.28000000,2006.20000000,30.976452,3
1705539600,1705543200,2005.78000000,2009.80000000,2005.23000000,2009.54000000,37.039511,4
1705543200,1705546800,2009.61000000,2010.88000000,2008.23000000,2010.79000000,39.192299,4
1705546800,1705550400,2010.78000000,2012.07000000,2009.34000000,2011.57000000,40.558124,4
1705550400,1705554000,2011.56000000,2011.85000000,2007.42000000,2007.58000000,36.092187,4
1705554000,1705557600,2007.57000000,2009.14000000,2006.42000000,2008.03000000,36.935605,4
1705557600,1705561200,2008.01000000,2009.18000000,2007.90000000,2008.07000000,37.015177,4
1705561200,1705564800,2008.05000000,2009.40000000,2005.76000000,2009.20000000,39.343554,4
1705564800,1705568400,2009.21000000,2013.02000000,2008.85000000,2012.56000000,45.763805,4
1705568400,1705572000,2012.55000000,2014.07000000,2011.00000000,2012.30000000,45.363675,4
1705572000,1705575600,2012.28000000,2012.37000000,2009.58000000,2009.71000000,41.473560,4
1705575600,1705579200,2009.62000000,2012.99000000,2008.14000000,2010.12000000,42.316841,4
1705579200,1705582800,2010.13000000,2012.19000000,2009.16000000,2011.57000000,45.317633,4
1705582800,1705586400,2011.56000000,2013.45000000,2010.74000000,2012.58000000,47.371380,4
1705586400,1705590000,2012.59000000,2017.22000000,2012.59000000,2014.93000000,51.898190,4
1705590000,1705593600,2014.91000000,2014.91000000,2007.38000000,2009.08000000,42.173376,4
1705593600,1705597200,2009.10000000,2013.61000000,2009.04000000,2012.80000000,48.749889,4
1705597200,1705600800,2012.88000000,2015.62000000,2011.61000000,2013.60000000,50.065124,4
1705600800,1705604400,2013.59000000,2017.70000000,2013.06000000,2014.83000000,52.100477,4
1705604400,1705608000,2014.84000000,2016.33000000,2013.20000000,2016.31000000,54.503485,4
1705608000,1705611600,2016.41000000,2021.06000000,2015.47000000,2020.47000000,60.501660,4
1705611600,1705615200,2020.40000000,2020.56000000,2018.31000000,2019.73000000,59.011273,4
1705615200,1705618800,2019.74000000,2022.60000000,2019.74000000,2022.14000000,62.270971,4
1705618800,1705622400,2022.28000000,2023.23000000,2021.83000000,2022.93000000,63.301260,4
1705626000,1705629600,2023.97000000,2024.89000000,2021.15000000,2023.77000000,64.414014,5
1705629600,1705633200,2023.86000000,2024.22000000,2022.63000000,2023.13000000,62.850358,5
1705633200,1705636800,2023.14000000,2025.52000000,2022.04000000,2023.94000000,64.040143,5
1705636800,1705640400,2023.91000000,2025.03000000,2022.51000000,2024.00000000,64.131781,5
1705640400,1705644000,2024.02000000,2024.22000000,2021.88000000,2022.83000000,60.874101,5
1705644000,1705647600,2022.85000000,2022.87000000,2020.61000000,2021.00000000,56.076074,5
1705647600,1705651200,2020.95000000,2021.91000000,2020.36000000,2021.56000000,57.188104,5
1705651200,1705654800,2021.57000000,2024.26000000,2020.82000000,2023.84000000,61.465648,5
1705654800,1705658400,2023.82000000,2029.64000000,2023.65000000,2027.95000000,67.725708,5
1705658400,1705662000,2027.88000000,2030.09000000,2026.16000000,2029.71000000,69.975112,5
1705662000,1705665600,2029.69000000,2030.84000000,2027.58000000,2029.80000000,70.089912,5
1705665600,1705669200,2029.75000000,2030.91000000,2028.85000000,2030.34000000,70.811046,5
1705669200,1705672800,2030.44000000,2031.93000000,2028.76000000,2031.59000000,72.465937,5
1705672800,1705676400,2031.67000000,2035.10000000,2031.65000000,2032.82000000,74.026432,5
1705676400,1705680000,2032.83000000,2039.35000000,2032.62000000,2035.26000000,76.831592,5
1705680000,1705683600,2035.27000000,2035.73000000,2026.34000000,2029.76000000,60.872601,5
1705683600,1705687200,2029.69000000,2032.24000000,2023.12000000,2027.71000000,56.187877,5
1705687200,1705690800,2027.73000000,2029.51000000,2023.29000000,2024.82000000,50.309701,5
1705690800,1705694400,2024.80000000,2029.07000000,2024.37000000,2029.04000000,57.329532,5
1705694400,1705698000,2029.06000000,2029.39000000,2026.39000000,2027.89000000,55.047293,5
1705698000,1705701600,2027.87000000,2029.40000000,2027.52000000,2029.10000000,56.987507,5
1705701600,1705705200,2029.11000000,2029.51000000,2027.68000000,2028.33000000,55.350299,5
1705705200,1705708800,2028.36000000,2029.90000000,2028.05000000,2029.54000000,57.420461,5
1705885200,1705888800,2029.83000000,2029.86000000,2026.93000000,2027.54000000,53.042806,1
1705888800,1705892400,2027.53000000,2029.23000000,2025.42000000,2029.00000000,55.698055,1
1705892400,1705896000,2029.01000000,2032.12000000,2028.69000000,2029.07000000,55.827025,1
1705896000,1705899600,2029.11000000,2030.00000000,2028.34000000,2029.73000000,57.095268,1
1705899600,1705903200,2029.72000000,2029.74000000,2025.98000000,2026.95000000,50.516230,1
1705903200,1705906800,2026.99000000,2027.12000000,2024.63000000,2025.38000000,47.207845,1
1705906800,1705910400,2025.43000000,2025.50000000,2021.82000000,2023.24000000,43.067526,1
1705910400,1705914000,2023.20000000,2024.37000000,2020.05000000,2020.89000000,39.020372,1
1705914000,1705917600,2020.86000000,2024.29000000,2019.07000000,2021.72000000,41.124767,1
1705917600,1705921200,2021.70000000,2026.22000000,2020.37000000,2022.20000000,42.363529,1
1705921200,1705924800,2022.16000000,2023.97000000,2020.56000000,2021.66000000,41.310471,1
1705924800,1705928400,2021.59000000,2024.52000000,2021.04000000,2022.81000000,44.475887,1
1705928400,1705932000,2022.79000000,2026.53000000,2022.17000000,2026.13000000,52.449422,1
1705932000,1705935600,2026.09000000,2030.11000000,2025.19000000,2029.69000000,59.213149,1
1705935600,1705939200,2029.66000000,2029.69000000,2021.23000000,2023.12000000,46.162792,1
1705939200,1705942800,2023.11000000,2023.97000000,2016.53000000,2022.69000000,45.456654,1
1705942800,1705946400,2022.67000000,2026.54000000,2020.69000000,2024.12000000,48.289534,1
1705946400,1705950000,2024.11000000,2024.20000000,2021.45000000,2023.64000000,47.399614,1
1705950000,1705953600,2023.71000000,2024.57000000,2021.35000000,2021.53000000,43.596208,1
1705953600,1705957200,2021.51000000,2021.86000000,2019.75000000,2021.29000000,43.171870,1
1705957200,1705960800,2021.32000000,2021.59000000,2019.07000000,2020.98000000,42.595158,1
1705960800,1705964400,2020.99000000,2021.01000000,2019.15000000,2020.77000000,42.184057,1
1705964400,1705968000,2020.81000000,2021.74000000,2020.18000000,2021.69000000,44.702028,1
1705971600,1705975200,2021.77000000,2022.18000000,2020.41000000,2020.72000000,42.595647,2
1705975200,1705978800,2020.77000000,2023.10000000,2020.76000000,2022.75000000,48.106648,2
1705978800,1705982400,2022.74000000,2022.92000000,2019.54000000,2021.71000000,45.686745,2
1705982400,1705986000,2021.70000000,2024.13000000,2020.79000000,2022.56000000,47.989532,2
1705986000,1705989600,2022.62000000,2027.94000000,2021.68000000,2027.37000000,58.668709,2
1705989600,1705993200,2027.36000000,2027.86000000,2026.71000000,2027.64000000,59.175433,2
1705993200,1705996800,2027.65000000,2031.70000000,2027.23000000,2030.78000000,64.609557,2
1705996800,1706000400,2030.80000000,2035.90000000,2029.11000000,2035.07000000,70.405580,2
1706000400,1706004000,2035.20000000,2037.91000000,2027.73000000,2031.61000000,61.637710,2
1706004000,1706007600,2031.66000000,2031.71000000,2027.69000000,2028.87000000,55.719956,2
1706007600,1706011200,2028.85000000,2030.55000000,2027.04000000,2028.56000000,55.075689,2
1706011200,1706014800,2028.53000000,2028.54000000,2024.75000000,2025.09000000,48.338196,2
1706014800,1706018400,2025.07000000,2026.13000000,2022.41000000,2023.91000000,46.265512,2
1706018400,1706022000,2023.92000000,2026.92000000,2023.21000000,2025.97000000,50.274132,2
1706022000,1706025600,2025.92000000,2030.31000000,2023.28000000,2024.93000000,48.314519,2
1706025600,1706029200,2024.90000000,2026.13000000,2021.41000000,2023.30000000,45.332089,2
1706029200,1706032800,2023.22000000,2026.73000000,2022.91000000,2025.13000000,49.128843,2
1706032800,1706036400,2025.15000000,2027.74000000,2023.25000000,2025.76000000,50.405824,2
1706036400,1706040000,2025.77000000,2026.05000000,2022.60000000,2024.28000000,47.395873,2
1706040000,1706043600,2024.31000000,2025.74000000,2022.96000000,2025.24000000,49.502291,2
1706043600,1706047200,2025.23000000,2030.70000000,2024.76000000,2029.88000000,58.212070,2
1706047200,1706050800,2029.89000000,2030.27000000,2028.15000000,2028.57000000,55.311465,2
1706050800,1706054400,2028.63000000,2029.30000000,2027.82000000,2029.18000000,56.400888,2
1706058000,1706061600,2028.93000000,2029.58000000,2027.29000000,2029.32000000,56.662015,3
1706061600,1706065200,2029.31000000,2029.31000000,2026.98000000,2027.33000000,51.903407,3
1706065200,1706068800,2027.30000000,2028.96000000,2026.38000000,2027.20000000,51.598548,3
1706068800,1706072400,2027.21000000,2027.52000000,2023.94000000,2024.18000000,44.987842,3
1706072400,1706076000,2024.17000000,2025.71000000,2023.73000000,2024.80000000,46.503174,3
1706076000,1706079600,2024.80000000,2025.70000000,2024.02000000,2024.46000000,45.758792,3
1706079600,1706083200,2024.45000000,2025.64000000,2022.80000000,2024.49000000,45.841170,3
1706083200,1706086800,2024.50000000,2027.90000000,2023.71000000,2025.97000000,49.884827,3
1706086800,1706090400,2025.95000000,2031.59000000,2025.75000000,2029.56000000,58.064001,3
1706090400,1706094000,2029.59000000,2032.23000000,2028.17000000,2030.82000000,60.500639,3
1706094000,1706097600,2030.78000000,2034.11000000,2029.91000000,2030.84000000,60.539832,3
1706097600,1706101200,2030.80000000,2033.00000000,2029.32000000,2032.75000000,64.193790,3
1706101200,1706104800,2032.80000000,2034.22000000,2030.81000000,2033.39000000,65.351553,3
1706104800,1706108400,2033.40000000,2034.36000000,2031.60000000,2032.62000000,62.723773,3
1706108400,1706112000,2032.53000000,2036.66000000,2031.23000000,2033.94000000,65.299703,3
1706112000,1706115600,2033.91000000,2034.69000000,2023.24000000,2024.62000000,42.806935,3
1706115600,1706119200,2024.63000000,2025.34000000,2014.84000000,2015.24000000,31.169971,3
1706119200,1706122800,2015.26000000,2016.25000000,2011.83000000,2015.29000000,31.277216,3
1706122800,1706126400,2015.37000000,2019.78000000,2015.29000000,2019.24000000,39.320837,3
1706126400,1706130000,2019.25000000,2019.80000000,2013.38000000,2015.04000000,34.673677,3
1706130000,1706133600,2015.05000000,2015.27000000,2011.15000000,2012.14000000,31.872655,3
1706133600,1706137200,2012.13000000,2013.76000000,2011.73000000,2012.27000000,32.137309,3
1706137200,1706140800,2012.20000000,2014.56000000,2012.07000000,2013.61000000,34.942731,3
1706144400,1706148000,2014.10000000,2017.63000000,2013.49000000,2016.37000000,40.407222,4
1706148000,1706151600,2016.42000000,2016.75000000,2014.80000000,2015.45000000,39.224521,4
1706151600,1706155200,2015.44000000,2017.28000000,2014.42000000,2016.41000000,41.159863,4
1706155200,1706158800,2016.39000000,2016.96000000,2014.59000000,2015.13000000,39.360125,4
1706158800,1706162400,2015.20000000,2016.81000000,2015.04000000,2015.73000000,40.669722,4
1706162400,1706166000,2015.73000000,2016.40000000,2014.77000000,2015.68000000,40.591051,4
1706166000,1706169600,2015.68000000,2016.58000000,2014.74000000,2015.52000000,40.322256,4
1706169600,1706173200,2015.52000000,2016.57000000,2014.47000000,2015.78000000,41.005912,4
1706173200,1706176800,2015.71000000,2018.23000000,2013.53000000,2015.80000000,41.061845,4
1706176800,1706180400,2015.76000000,2015.95000000,2012.66000000,2013.82000000,37.292262,4
1706180400,1706184000,2013.81000000,2017.93000000,2012.75000000,2017.85000000,47.796790,4
1706184000,1706187600,2017.84000000,2019.49000000,2017.11000000,2019.17000000,50.709341,4
1706187600,1706191200,2019.18000000,2019.52000000,2016.52000000,2017.51000000,47.146895,4
1706191200,1706194800,2017.58000000,2017.61000000,2013.31000000,2013.57000000,39.969570,4
1706194800,1706198400,2013.55000000,2023.04000000,2009.52000000,2019.37000000,51.640550,4
1706198400,1706202000,2019.32000000,2025.22000000,2018.32000000,2023.48000000,57.888469,4
1706202000,1706205600,2023.54000000,2024.76000000,2016.73000000,2020.26000000,52.198489,4
1706205600,1706209200,2020.27000000,2021.55000000,2013.78000000,2014.54000000,43.936751,4
1706209200,1706212800,2014.55000000,2016.52000000,2012.49000000,2014.93000000,44.580812,4
1706212800,1706216400,2014.94000000,2018.60000000,2013.99000000,2014.19000000,43.558293,4
1706216400,1706220000,2014.20000000,2018.35000000,2013.37000000,2017.72000000,49.507730,4
1706220000,1706223600,2017.77000000,2020.26000000,2016.89000000,2019.99000000,52.942816,4
1706223600,1706227200,2020.00000000,2020.97000000,2018.88000000,2020.75000000,54.069460,4
1706230800,1706234400,2020.61000000,2021.75000000,2018.93000000,2020.68000000,53.941359,5
1706234400,1706238000,2020.72000000,2021.81000000,2019.31000000,2021.21000000,54.814257,5
1706238000,1706241600,2021.25000000,2024.21000000,2020.95000000,2021.85000000,55.901105,5
1706241600,1706245200,2021.79000000,2023.89000000,2021.73000000,2021.93000000,56.043432,5
1706245200,1706248800,2021.87000000,2022.90000000,2021.32000000,2021.80000000,55.728675,5
1706248800,1706252400,2021.81000000,2022.38000000,2021.05000000,2021.14000000,54.068404,5
1706252400,1706256000,2021.09000000,2023.48000000,2020.96000000,2023.02000000,57.914592,5
1706256000,1706259600,2023.03000000,2023.40000000,2021.53000000,2021.55000000,54.099899,5
1706259600,1706263200,2021.57000000,2022.80000000,2019.78000000,2021.22000000,53.251914,5
1706263200,1706266800,2021.22000000,2022.17000000,2020.14000000,2020.53000000,51.436470,5
1706266800,1706270400,2020.55000000,2022.41000000,2018.19000000,2020.79000000,52.099144,5
1706270400,1706274000,2020.79000000,2023.83000000,2020.79000000,2023.42000000,58.298023,5
1706274000,1706277600,2023.47000000,2024.60000000,2022.37000000,2023.39000000,58.205493,5
1706277600,1706281200,2023.36000000,2024.42000000,2020.07000000,2021.33000000,52.091464,5
1706281200,1706284800,2021.43000000,2026.85000000,2018.71000000,2024.56000000,59.308900,5
1706284800,1706288400,2024.56000000,2026.07000000,2019.02000000,2020.21000000,48.673898,5
1706288400,1706292000,2020.14000000,2020.14000000,2016.04000000,2017.03000000,42.652653,5
1706292000,1706295600,2017.05000000,2019.41000000,2015.91000000,2018.09000000,45.091009,5
1706295600,1706299200,2018.07000000,2018.82000000,2016.39000000,2016.61000000,42.381441,5
1706299200,1706302800,2016.53000000,2018.21000000,2016.03000000,2017.34000000,44.163707,5
1706302800,1706306400,2017.32000000,2017.87000000,2016.12000000,2017.01000000,43.508528,5
1706306400,1706310000,2017.01000000,2019.27000000,2016.45000000,2018.53000000,47.380695,5
1706310000,1706313600,2018.49000000,2019.11000000,2017.93000000,2018.41000000,47.106177,5
1706490000,1706493600,2024.62000000,2028.58000000,2021.21000000,2021.76000000,54.952850,1
1706493600,1706497200,2021.84000000,2022.07000000,2019.24000000,2021.57000000,54.459395,1
1706497200,1706500800,2021.56000000,2025.42000000,2021.04000000,2023.17000000,57.888702,1
1706500800,1706504400,2023.22000000,2025.48000000,2021.49000000,2025.40000000,62.165026,1
1706504400,1706508000,2025.42000000,2026.32000000,2024.10000000,2025.66000000,62.641365,1
1706508000,1706511600,2025.69000000,2027.59000000,2025.39000000,2026.18000000,63.627664,1
1706511600,1706515200,2026.20000000,2026.79000000,2024.63000000,2025.45000000,61.185525,1
1706515200,1706518800,2025.42000000,2028.95000000,2024.85000000,2028.73000000,67.265075,1
1706518800,1706522400,2028.71000000,2033.84000000,2028.62000000,2031.32000000,71.112720,1
1706522400,1706526000,2031.29000000,2033.55000000,2030.92000000,2031.56000000,71.447626,1
1706526000,1706529600,2031.52000000,2031.91000000,2027.88000000,2028.33000000,61.169249,1
1706529600,1706533200,2028.32000000,2028.55000000,2025.52000000,2027.44000000,58.664942,1
1706533200,1706536800,2027.45000000,2028.36000000,2025.46000000,2028.08000000,59.935201,1
1706536800,1706540400,2028.07000000,2030.27000000,2028.07000000,2028.42000000,60.627431,1
1706540400,1706544000,2028.50000000,2037.52000000,2027.70000000,2036.83000000,73.037022,1
1706544000,1706547600,2036.84000000,2037.23000000,2021.58000000,2024.66000000,48.979261,1
1706547600,1706551200,2024.60000000,2026.22000000,2020.52000000,2025.41000000,50.070758,1
1706551200,1706554800,2025.40000000,2027.90000000,2024.01000000,2027.07000000,52.493251,1
1706554800,1706558400,2027.05000000,2031.11000000,2026.53000000,2029.32000000,55.635241,1
1706558400,1706562000,2029.30000000,2029.70000000,2025.06000000,2025.77000000,50.014705,1
1706562000,1706565600,2025.80000000,2027.94000000,2025.14000000,2026.90000000,51.687795,1
1706565600,1706569200,2026.93000000,2035.22000000,2026.93000000,2032.55000000,59.065501,1
1706569200,1706572800,2032.64000000,2032.83000000,2030.99000000,2032.83000000,59.396421,1
1706576400,1706580000,2033.15000000,2033.40000000,2029.23000000,2031.09000000,56.347913,2
1706580000,1706583600,2031.08000000,2034.07000000,2030.90000000,2033.58000000,59.547591,2
1706583600,1706587200,2033.57000000,2033.93000000,2030.54000000,2030.94000000,54.948751,2
1706587200,1706590800,2030.79000000,2032.40000000,2029.76000000,2031.93000000,56.311352,2
1706590800,1706594400,2031.91000000,2032.52000000,2031.35000000,2032.03000000,56.454621,2
1706594400,1706598000,2032.00000000,2033.00000000,2031.14000000,2031.74000000,55.882297,2
1706598000,1706601600,2031.71000000,2033.31000000,2031.50000000,2032.11000000,56.488386,2
1706601600,1706605200,2032.13000000,2035.95000000,2032.04000000,2034.45000000,60.211288,2
1706605200,1706608800,2034.40000000,2040.34000000,2033.99000000,2037.88000000,64.945840,2
1706608800,1706612400,2037.87000000,2039.45000000,2036.99000000,2038.28000000,65.461980,2
1706612400,1706616000,2038.29000000,2038.65000000,2035.03000000,2035.67000000,59.324030,2
1706616000,1706619600,2035.70000000,2037.31000000,2035.03000000,2035.56000000,59.072634,2
1706619600,1706623200,2035.55000000,2036.09000000,2031.34000000,2034.33000000,56.204529,2
1706623200,1706626800,2034.32000000,2036.30000000,2033.63000000,2035.90000000,58.944579,2
1706626800,1706630400,2035.95000000,2037.94000000,2033.22000000,2037.72000000,61.918947,2
1706630400,1706634000,2037.71000000,2048.56000000,2037.33000000,2046.57000000,72.392742,2
1706634000,1706637600,2046.62000000,2048.27000000,2029.01000000,2032.65000000,49.385115,2
1706637600,1706641200,2032.67000000,2036.08000000,2031.70000000,2035.86000000,53.087771,2
1706641200,1706644800,2035.89000000,2036.13000000,2033.09000000,2033.96000000,50.722562,2
1706644800,1706648400,2033.87000000,2033.90000000,2031.45000000,2032.76000000,49.230717,2
1706648400,1706652000,2032.75000000,2037.02000000,2032.33000000,2036.05000000,53.287269,2
1706652000,1706655600,2036.07000000,2036.63000000,2035.29000000,2035.92000000,53.106702,2
1706655600,1706659200,2035.90000000,2036.96000000,2035.84000000,2036.75000000,54.174383,2
1706662800,1706666400,2037.12000000,2037.37000000,2035.66000000,2036.44000000,53.682758,3
1706666400,1706670000,2036.48000000,2038.66000000,2035.81000000,2036.10000000,53.113451,3
1706670000,1706673600,2036.05000000,2037.18000000,2034.42000000,2034.54000000,50.468820,3
1706673600,1706677200,2034.48000000,2034.79000000,2032.84000000,2033.64000000,48.954371,3
1706677200,1706680800,2033.52000000,2034.19000000,2033.00000000,2033.85000000,49.336394,3
1706680800,1706684400,2033.82000000,2034.78000000,2033.17000000,2034.51000000,50.588013,3
1706684400,1706688000,2034.50000000,2035.11000000,2033.25000000,2035.03000000,51.602492,3
1706688000,1706691600,2035.06000000,2035.78000000,2033.60000000,2034.26000000,49.966570,3
1706691600,1706695200,2034.20000000,2038.55000000,2033.87000000,2036.54000000,54.560210,3
1706695200,1706698800,2036.47000000,2040.38000000,2036.07000000,2038.98000000,58.908227,3
1706698800,1706702400,2039.01000000,2039.78000000,2037.88000000,2038.17000000,56.959717,3
1706702400,1706706000,2038.18000000,2038.51000000,2036.53000000,2036.89000000,53.924284,3
1706706000,1706709600,2036.92000000,2038.87000000,2036.80000000,2037.28000000,54.716121,3
1706709600,1706713200,2037.30000000,2039.57000000,2037.07000000,2038.50000000,57.194367,3
1706713200,1706716800,2038.52000000,2043.19000000,2036.00000000,2041.89000000,63.218027,3
1706716800,1706720400,2041.88000000,2055.27000000,2040.68000000,2051.49000000,74.263161,3
1706720400,1706724000,2051.50000000,2055.99000000,2050.41000000,2052.24000000,74.897366,3
1706724000,1706727600,2052.31000000,2053.62000000,2047.46000000,2049.96000000,69.306168,3
1706727600,1706731200,2049.98000000,2051.00000000,2049.24000000,2049.54000000,68.294763,3
1706731200,1706734800,2049.50000000,2049.80000000,2045.71000000,2046.30000000,60.910221,3
1706734800,1706738400,2046.17000000,2050.85000000,2039.35000000,2044.95000000,58.091685,3
1706738400,1706742000,2044.91000000,2045.87000000,2030.78000000,2034.76000000,42.213261,3
1706742000,1706745600,2034.80000000,2040.13000000,2033.28000000,2039.12000000,48.677246,3
